mean_times,current,peak,train_size,train_loss,train_acc,test_acc
0.0028906549726213726,323581,954737,1,6.5957848952100155,0.0,0.0
0.00618396486554827,323246,954682,10,6.231766980336204,0.2571428571428572,0.17142857142857143
0.03558659553527832,325247,956715,100,3.7012159338994515,0.1375,0.09000000000000001
0.25969398021698,323162,972686,1000,1.9755743195204465,0.6797500000000001,0.5675
2.3293792009353638,323162,1601198,10000,0.881114183468667,0.8664749999999999,0.849225
8.076459228992462,323194,5601198,35000,0.6374369761209386,0.8957428571428571,0.8937999999999999
15.578879296779633,323231,9601235,60000,0.5356915695739075,0.9030374999999999,0.9013000000000001
