allocs,mean_times,memory,test_acc,test_loss,train_acc,train_loss,train_size
737337,2.3081605454545453e8,39017968,0.1004,2.331464741485773,0.3333333333333333,2.183722246711478,1
740217,2.3324183636363637e8,43543024,0.10533333333333333,2.31960056365464,0.06666666666666667,2.3568217647013747,10
769017,2.665657789473684e8,88793584,0.25686666666666663,2.1835967585691693,0.13999999999999999,2.264268458729776,100
1060442,5.647963e8,541353984,0.6993999999999999,0.8529387833324064,0.5826666666666666,1.3812748470896155,1000
4003442,3.4499876e9,5067417984,0.8996,0.338614237573962,0.8447999999999999,0.5223752709701582,10000
12178442,1.05366304e10,17639817984,0.9311666666666666,0.22604206098336058,0.8970857142857143,0.34778606695352726,35000
20353443,1.54600317e10,30212218288,0.9286,0.23051371482277036,0.9125222222222223,0.29301067954670923,60000
