allocs,mean_times,memory,test_acc,test_loss,train_acc,train_loss,train_size
737337,2.815721903888889e8,39017968,0.1068,2.338486220995143,0.0,2.3423278232053204,1
740217,2.850877450555556e8,43543024,0.10126666666666667,2.3415468191563065,0.0,2.3459510514093576,10
769017,3.145531424375e8,88793584,0.2769333333333333,2.190505038329357,0.16333333333333333,2.2775457519056057,100
1060442,5.795179611111112e8,541353984,0.7193999999999999,0.8239195332853191,0.5786666666666667,1.3849419066047972,1000
4003442,4.281367981e9,5067417984,0.9030333333333335,0.3231718796046012,0.8507000000000001,0.5065485769737027,10000
12178443,9.491889939e9,17639818288,0.9348,0.21514834860667195,0.8989904761904762,0.34157638698009357,35000
20353442,1.6852433539e10,30212217984,0.9307666666666666,0.22240821309737965,0.9146555555555556,0.2861653465584841,60000
