allocs,mean_times,memory,test_acc,test_loss,train_acc,train_loss,train_size
685017,2.0642366396e8,96270208,0.10966666666666668,NaN,5.555555555555556e-6,NaN,1
685611,2.0138123316e8,100728192,0.12116666666666669,NaN,1.6666666666666667e-5,NaN,10
691552,2.0921410554166666e8,145306320,0.21443333333333334,NaN,0.00025,NaN,100
750955,2.9747861788235295e8,591093152,0.4875666666666667,NaN,0.006538888888888888,NaN,1000
1344958,1.0995413666e9,5049069152,0.8294333333333334,NaN,0.12863888888888889,NaN,10000
2994959,3.9240480725e9,17431966944,0.8830333333333332,NaN,0.4789555555555556,NaN,35000
4644959,6.11604298e9,29814366944,0.8403333333333333,NaN,0.8075277777777777,NaN,60000
