mean_times,current,peak,train_size,train_loss,train_acc,test_acc
0.004128490175519671,319995,951151,1,7.088314660724424,0.0,0.0
0.006332295281546456,320218,951654,10,6.4154325283108,0.37142857142857144,0.17142857142857146
0.05097830295562744,322219,953687,100,3.7921122557887825,0.14250000000000002,0.08499999999999999
0.4088522791862488,320134,969658,1000,1.9710891390991283,0.6825,0.56975
3.359602451324463,320134,1601198,10000,0.892471779016043,0.8620000000000001,0.843325
11.518838286399841,320166,5601198,35000,0.6389378701496562,0.8960214285714285,0.892325
20.99246782064438,320166,9601198,60000,0.5670510633013046,0.8914458333333334,0.8897499999999999
