allocs,mean_times,memory,test_acc,test_loss,train_acc,train_loss,train_size
737337,3.8519104664285713e8,39017968,0.12079999999999998,2.3560181140002747,0.0,2.1283860977334577,1
740217,3.6167202828571427e8,43543024,0.11853333333333334,2.3300012490419846,0.10000000000000002,2.3986786855097564,10
769017,4.074032599230769e8,88793584,0.26696666666666663,2.1509107206295393,0.22666666666666668,2.2362090082205777,100
1060442,1.0673066964e9,541353984,0.6981999999999999,0.8515279835060632,0.5709999999999998,1.392295152400872,1000
4003442,8.0306402e9,5067417984,0.8969,0.3451390226631316,0.8489666666666666,0.5100324710872988,10000
12178443,1.6455297327e10,17639818288,0.9306000000000001,0.22139340853389933,0.8974000000000001,0.3415102478053094,35000
20353443,3.615709623e10,30212218288,0.9297666666666666,0.22380984527872427,0.9154222222222222,0.2853770810654816,60000
