allocs,mean_times,memory,test_acc,test_loss,train_acc,train_loss,train_size
685017,1.78072424e8,96270208,0.10966666666666668,NaN,0.0,NaN,1
685611,1.7718545203448275e8,100728192,0.0977,NaN,0.0,NaN,10
691552,1.8615005533333334e8,145306320,0.18353333333333333,NaN,0.0002222222222222222,NaN,100
750955,2.6383690615789473e8,591093152,0.4627333333333333,NaN,0.0061222222222222225,NaN,1000
1344958,9.802693598333334e8,5049069152,0.7337333333333333,NaN,0.11189444444444445,NaN,10000
2994959,2.946637921e9,17431966944,0.7483,NaN,0.4123277777777778,NaN,35000
4644959,4.739254048e9,29814366944,0.8931666666666667,NaN,0.8484444444444446,NaN,60000
