epochs,test_acc,test_loss,train_acc,train_loss
1,0.7438,NaN,0.6994833333333333,NaN
2,0.7535,NaN,0.753,NaN
3,0.7577,NaN,0.7603,NaN
4,0.7592,NaN,0.76365,NaN
5,0.76,NaN,0.7665166666666666,NaN
6,0.7604,NaN,0.7683833333333333,NaN
7,0.7614,NaN,0.7699,NaN
8,0.7622,NaN,0.7711,NaN
9,0.7612,NaN,0.7719166666666667,NaN
10,0.7622,NaN,0.7727333333333334,NaN
