epochs,test_acc,test_loss,train_acc,train_loss
1,0.7637,NaN,0.6943666666666667,NaN
2,0.7741,NaN,0.7681,NaN
3,0.8649,NaN,0.81895,NaN
4,0.8683,NaN,0.8667,NaN
5,0.8684,NaN,0.87065,NaN
6,0.8702,NaN,0.8729166666666667,NaN
7,0.8701,NaN,0.8749,NaN
8,0.8697,NaN,0.8762833333333333,NaN
9,0.871,NaN,0.8774166666666666,NaN
10,0.8711,NaN,0.87835,NaN
