allocs,batch_size,mean_times,memory,test_acc,test_loss,train_acc,train_loss
4644959,1,5.391230554e9,29814366944,0.8130666666666667,NaN,0.7732666666666667,NaN
4428957,10,3.9946988595e9,21213403680,0.6288999999999999,NaN,0.5508444444444445,NaN
4409755,50,3.879072631e9,20448833952,0.5246666666666667,NaN,0.3884055555555556,NaN
4407354,100,4.105488732e9,20353260896,0.5063000000000001,NaN,0.3459611111111111,NaN
4405192,1000,4.1111549665e9,20267252560,0.1765,NaN,0.13095,NaN
4404974,10000,4.089495188e9,20258650480,0.09900000000000002,NaN,0.09734444444444446,NaN
4404943,35000,3.848796412e9,20257694624,0.09000000000000001,NaN,0.09095000000000002,NaN
4404955,60000,4.184677698e9,20257854176,0.08176666666666667,NaN,0.08327222222222222,NaN
