allocs,batch_size,mean_times,memory,test_acc,test_loss,train_acc,train_loss
4644959,1,6.716992668e9,29814366944,0.7855333333333334,NaN,0.7587555555555556,NaN
4428957,10,5.1414834535e9,21213403680,0.7568000000000001,NaN,0.6633277777777777,NaN
4409755,50,5.155439e9,20448833952,0.6478,NaN,0.49525555555555556,NaN
4407354,100,5.38614954e9,20353260896,0.5260333333333334,NaN,0.3592222222222223,NaN
4405193,1000,5.467642726e9,20267252864,0.20903333333333332,NaN,0.14631666666666665,NaN
4404974,10000,4.574329846e9,20258650480,0.1219,NaN,0.11303333333333333,NaN
4404943,35000,5.070428738e9,20257694624,0.0786,NaN,0.07988333333333333,NaN
4404955,60000,4.42330987e9,20257854176,0.0776,NaN,0.07773333333333333,NaN
