mean_times,current,peak,batch_size,train_loss,train_acc,test_acc
20.50435130936759,320302,9601198,1,0.5493035274776032,0.9011595238095238,0.900857142857143
2.5238997595650807,319862,9601198,10,0.9803911942719894,0.8448023809523809,0.8501285714285716
0.9362502098083496,319726,9601198,50,1.7115697353529453,0.7212833333333333,0.726525
0.7004439830780029,319726,9601198,100,2.227214559350901,0.57665,0.579725
0.4113995432853699,319726,9601198,1000,3.941056433460702,0.09872916666666667,0.098
0.3650737404823303,319758,10427002,10000,6.231520628869454,0.11460833333333334,0.11535000000000001
0.40398991107940674,319726,26426930,35000,7.0531891804330495,0.11244583333333333,0.11449999999999999
0.39163464307785034,319662,37626554,60000,7.604511969329129,0.09392916666666666,0.09505
