mean_times,current,peak,batch_size,train_loss,train_acc,test_acc
14.200625726154872,323752,9601198,1,0.5546775781842521,0.8973809523809526,0.8951
1.54873446055821,322754,9601198,10,0.9621405570281859,0.851552380952381,0.8562714285714286
0.5018303990364075,322754,9601198,50,1.7083110277985007,0.7278666666666667,0.732875
0.37112677097320557,322754,9601198,100,2.244764618655558,0.561075,0.563425
0.23309695720672607,322754,9601198,1000,3.987777872700226,0.09874166666666667,0.098075
0.21731364727020264,322786,10430030,10000,7.016360822865118,0.13354583333333334,0.13655
0.2279752492904663,322791,26429995,35000,6.95051502917547,0.09915833333333333,0.09725
0.21828925609588623,322690,37629582,60000,7.07714396036712,0.10147916666666668,0.101275
